"date","new_cases","reproduction_rate","hosp_patients_per_million","new_tests","positive_rate","stringency_index","average_adjusted_price","Shifted","two_week_return"
2020-04-14,64,0.41,8.298,4357,0.011,73.15,4.69084173493976,4.15784687951807,0.128190111580892
2020-04-15,25,0.4,7.794,4781,0.008,69.44,4.68624003614458,4.15784687951807,0.12708336115729
2020-04-16,22,0.4,7.445,8626,0.004,69.44,4.61936063855422,4.43541418072289,0.0414722166490764
2020-04-17,60,0.4,7.135,11527,0.004,69.44,4.65651893975904,4.40804367469879,0.0563686032619039
2020-04-18,46,0.39,6.864,14980,0.003,69.44,4.65651893975904,4.43414713253012,0.0501498485689694
2020-04-19,42,0.38,6.592,14589,0.003,69.44,4.65651893975904,4.61434645783133,0.00913942685342518
2020-04-20,13,0.36,6.476,10635,0.001,69.44,4.61696213253012,4.61434645783133,0.000566857023567411
2020-04-21,22,0.36,6.243,8373,0.003,69.44,4.53088437349398,4.61434645783133,-0.0180875201071433
2020-04-22,7,0.35,5.894,12430,0.001,69.44,4.52684043373494,4.61434645783133,-0.01896390418363
2020-04-23,10,0.36,5.351,14128,0.001,69.44,4.50704771084337,4.61434645783133,-0.0232532923066164
2020-04-24,15,0.37,5.002,15705,0.001,69.44,4.47541651807229,4.69084173493976,-0.0459246397640905
2020-04-25,17,0.39,4.459,11887,0.002,69.44,4.47541651807229,4.68624003614458,-0.0449877762227767
2020-04-26,20,0.43,4.382,12193,0.001,69.44,4.47541651807229,4.61936063855422,-0.0311610484101497
2020-04-27,7,0.46,4.227,10613,0.001,69.44,4.59925404819277,4.65651893975904,-0.0122977898956487
2020-04-28,23,0.51,3.606,13616,0.001,69.44,4.60253686746988,4.65651893975904,-0.011592795602792
2020-04-29,8,0.55,3.451,13731,0.001,69.44,4.67027807228916,4.65651893975904,0.00295481081643201
2020-04-30,14,0.59,3.219,19231,0.001,69.44,4.79803707228916,4.61696213253012,0.0392194985709806
2020-05-01,12,0.64,3.063,25227,0,69.44,4.63027118072289,4.53088437349398,0.0219354101840109
2020-05-02,21,0.7,2.908,22715,0.001,69.44,4.63027118072289,4.52684043373494,0.0228483306407632
2020-05-03,23,0.77,2.714,21524,0.001,69.44,4.63027118072289,4.50704771084337,0.0273401742748492
2020-05-04,25,0.81,2.559,17107,0.002,69.44,4.67265497590361,4.47541651807229,0.0440715310038411
2020-05-05,28,0.83,2.404,14542,0.002,69.44,4.76704869879518,4.47541651807229,0.0651631372287349
2020-05-06,19,0.81,2.249,23900,0.001,69.44,4.77225513253012,4.47541651807229,0.0663264778281888
2020-05-07,19,0.77,2.172,33893,0.001,69.44,4.74948992771084,4.59925404819277,0.0326652709208587
2020-05-08,5,0.75,1.978,34701,0.001,69.44,4.92784072289157,4.60253686746988,0.0706792503327656
2020-05-09,21,0.76,1.667,38206,0,69.44,4.92784072289157,4.67027807228916,0.0551493180097013
2020-05-10,9,0.77,1.9,32416,0,69.44,4.92784072289157,4.79803707228916,0.0270534905518101
2020-05-11,22,0.79,1.823,27247,0,69.44,5.02610055421687,4.63027118072289,0.0854872982692513
2020-05-12,10,0.8,1.939,22808,0.001,69.44,4.95277180722892,4.63027118072289,0.0696504835070317
2020-05-13,9,0.82,1.978,31098,0,69.44,4.94899209638554,4.63027118072289,0.0688341790842779
2020-05-14,30,0.85,1.784,34274,0,69.44,4.81470820481928,4.67265497590361,0.030400966826829
2020-05-15,16,0.81,1.9,40517,0.001,65.74,4.87230378313253,4.76704869879518,0.0220797166103949
2020-05-16,9,0.76,1.939,31836,0.001,64.35,4.87230378313253,4.77225513253012,0.0209646483316508
2020-05-17,10,0.75,1.745,26474,0,64.35,4.87230378313253,4.74948992771084,0.025858325270916
2020-05-18,14,0.74,1.823,20742,0,67.13,4.89698027710843,4.92784072289157,-0.00626246819215851
2020-05-19,4,0.72,1.667,24287,0,67.13,4.99892059036145,4.92784072289157,0.0144241406057807
2020-05-20,9,0.74,1.59,25884,0,67.13,5.08140924096386,4.92784072289157,0.0311634500195815
2020-05-21,14,0.76,1.512,25821,0,67.13,5.07037632530121,5.02610055421687,0.00880916937628525
2020-05-22,4,0.77,1.357,32855,0,67.13,5.04621477108434,4.95277180722892,0.0188668017611948
2020-05-23,15,0.8,1.28,21679,0.001,67.13,5.04621477108434,4.94899209638554,0.0196449444261189
2020-05-24,0,0.82,1.202,32273,0,67.13,5.04621477108434,4.81470820481928,0.0480831976553291
2020-05-25,12,0.89,1.163,19304,0,65.28,5.14809992771084,4.87230378313253,0.0566048745837841
2020-05-26,13,0.96,1.163,44465,0.001,65.28,5.24640403614458,4.87230378313253,0.0767809787039858
2020-05-27,11,0.99,1.125,49388,0,65.28,5.33032509638554,4.87230378313253,0.0940050813002753
2020-05-28,15,1.02,0.892,30265,0.001,65.28,5.39915219277108,4.89698027710843,0.102547261219351
2020-05-29,19,1.03,0.853,30348,0.001,63.43,5.34024965060241,4.99892059036145,0.06828055258551
2020-05-30,8,0.97,0.776,33326,0,63.43,5.34024965060241,5.08140924096386,0.0509387056550981
2020-05-31,10,0.97,0.776,25829,0,63.43,5.34024965060241,5.07037632530121,0.0532255020114651
2020-06-01,19,0.96,1.008,17824,0,62.04,5.32593685542169,5.04621477108434,0.055432060866732
2020-06-02,8,0.9,0.969,18276,0.001,62.04,5.4230128313253,5.04621477108434,0.0746694457794543
2020-06-03,11,0.86,0.853,22461,0,62.04,5.50996054216867,5.04621477108434,0.091899729227079
2020-06-04,7,0.82,0.814,33419,0,62.04,5.5564276626506,5.14809992771084,0.0793162022247936
2020-06-05,5,0.79,0.814,31817,0,62.04,5.5542366626506,5.24640403614458,0.0586749751611279
2020-06-06,7,0.77,0.698,11585,0,62.04,5.5542366626506,5.33032509638554,0.0420071125524582
2020-06-07,6,0.82,0.737,26887,0,62.04,5.5542366626506,5.39915219277108,0.0287238559578225
2020-06-08,2,0.86,0.698,16225,0,62.04,5.5542366626506,5.34024965060241,0.0400706008237001
2020-06-09,7,0.96,0.776,17170,0,60.19,5.72623378313253,5.34024965060241,0.0722782936723903
2020-06-10,11,1.06,0.698,29455,0,60.19,5.68116492771084,5.34024965060241,0.0638388276604216
2020-06-11,4,1.15,0.659,31472,0,60.19,5.47290163855422,5.32593685542169,0.0275941655190529
2020-06-12,5,1.28,0.62,34215,0,50.46,5.28940226506024,5.4230128313253,-0.0246377005588621
2020-06-13,26,1.43,0.62,37226,0,50.46,5.28940226506024,5.50996054216867,-0.0400290120810237
2020-06-14,15,1.48,0.659,29800,0.001,50.46,5.28940226506024,5.5564276626506,-0.048057027608811
2020-06-15,12,1.51,0.659,15970,0.001,50.46,5.14331171084337,5.5542366626506,-0.0739840551934866
2020-06-16,23,1.55,0.62,18448,0.001,50.46,5.40267631325301,5.5542366626506,-0.027287340926028
2020-06-17,21,1.54,0.543,35160,0.001,50.46,5.43461031325301,5.5542366626506,-0.0215378559941488
2020-06-18,18,1.54,0.582,41495,0.001,50.46,5.38276956626506,5.5542366626506,-0.0308714062435565
2020-06-19,2,1.55,0.659,42708,0,50.46,5.4579666626506,5.72623378313253,-0.0468487893861665
2020-06-20,50,1.63,0.62,35173,0.001,50.46,5.4579666626506,5.68116492771084,-0.0392874116312929
2020-06-21,13,1.6,0.698,35946,0.001,50.46,5.4579666626506,5.47290163855422,-0.00272889536300154
2020-06-22,18,1.63,0.737,66525,0.001,50.46,5.43256745783133,5.28940226506024,0.0270664217990714
2020-06-23,29,1.68,0.62,24972,0.001,52.31,5.44218561445783,5.28940226506024,0.028884804320295
2020-06-24,37,1.74,0.62,47603,0.001,52.31,5.43717607228916,5.28940226506024,0.0279377139086306
2020-06-25,37,1.79,0.465,51917,0.001,52.31,5.24443091566265,5.14331171084337,0.0196603298621963
2020-06-26,6,1.85,0.465,49498,0.001,52.31,5.35317961445783,5.40267631325301,-0.00916151476144568
2020-06-27,85,1.99,0.427,54222,0.001,52.31,5.35317961445783,5.43461031325301,-0.0149837235977346
2020-06-28,78,2.05,0.582,43114,0.001,52.31,5.35317961445783,5.38276956626506,-0.0054971611626616
2020-06-29,70,2.03,0.543,36520,0.002,52.31,5.18662325301205,5.4579666626506,-0.0497151093822878
2020-06-30,86,2.01,0.698,40287,0.002,52.31,5.31576512048193,5.4579666626506,-0.0260539411392478
2020-07-01,81,1.98,0.931,49941,0.002,68.98,5.41811996385542,5.4579666626506,-0.00730064898854284
2020-07-02,65,1.99,1.047,57859,0.001,68.98,5.50843487951807,5.43256745783133,0.0139652976747449
2020-07-03,194,2.06,1.125,54078,0.001,68.98,5.50940153012048,5.44218561445783,0.0123509046593492
2020-07-04,183,1.97,1.163,50176,0.002,68.98,5.50940153012048,5.43717607228916,0.0132836341643277
2020-07-05,140,1.89,1.318,45399,0.002,68.98,5.50940153012048,5.24443091566265,0.0505241881757825
2020-07-06,172,1.83,1.512,43865,0.003,68.98,5.52827739759036,5.35317961445783,0.0327091178968902
2020-07-07,131,1.76,1.784,43807,0.005,68.98,5.52544451807229,5.35317961445783,0.0321799222184151
2020-07-08,170,1.73,1.745,55299,0.003,75.46,5.43065001204819,5.35317961445783,0.0144718472328352
2020-07-09,318,1.72,2.094,54425,0.003,75.46,5.47163618072289,5.18662325301205,0.0549515385651594
2020-07-10,179,1.64,2.133,59437,0.005,75.46,5.41749301204819,5.31576512048193,0.0191370177689572
2020-07-11,244,1.57,2.598,53397,0.004,75.46,5.41749301204819,5.41811996385542,-0.000115713902868795
2020-07-12,183,1.54,3.568,51823,0.005,75.46,5.41749301204819,5.50843487951807,-0.016509565685895
2020-07-13,271,1.53,3.49,42300,0.005,71.76,5.46224377108434,5.50940153012048,-0.0085595066502828
2020-07-14,236,1.51,4.304,44449,0.007,71.76,5.45800081927711,5.50940153012048,-0.00932963599809534
2020-07-15,323,1.5,4.421,59904,0.004,71.76,5.52451502409639,5.50940153012048,0.00274321882209459
2020-07-16,423,1.48,4.886,65575,0.005,68.06,5.52639791566265,5.52827739759036,-0.000339976052672399
2020-07-17,208,1.42,4.459,62748,0.007,68.06,5.55510934939759,5.52544451807229,0.00536876829154206
2020-07-18,361,1.39,5.235,66094,0.004,68.06,5.55510934939759,5.43065001204819,0.0229179448267294
2020-07-19,267,1.38,6.049,59905,0.006,68.06,5.55510934939759,5.47163618072289,0.0152556138452302
2020-07-20,359,1.38,7.057,57962,0.005,68.06,5.51792431325301,5.41749301204819,0.0185383351637862
2020-07-21,466,1.37,8.298,56310,0.007,68.06,5.66514903614458,5.41749301204819,0.0457141381715883
2020-07-22,408,1.33,8.182,59794,0.008,68.06,5.62645397590361,5.41749301204819,0.0385715243915782
2020-07-23,293,1.29,8.415,69308,0.006,68.06,5.62474436144578,5.46224377108434,0.0297497872983407
2020-07-24,355,1.29,9.268,75584,0.004,68.06,5.56799837349398,5.45800081927711,0.0201534513934785
2020-07-25,453,1.29,9.345,64084,0.006,68.06,5.56799837349398,5.52451502409639,0.0078709803861385
2020-07-26,532,1.29,10.043,75619,0.006,68.06,5.56799837349398,5.52639791566265,0.00752759002630315
2020-07-27,368,1.27,10.664,51966,0.011,68.06,5.57753561445783,5.55510934939759,0.00403705195518296
2020-07-28,279,1.25,12.525,44971,0.009,68.06,5.55688792771084,5.55510934939759,0.000320169811498869
2020-07-29,716,1.28,12.797,66188,0.006,68.06,5.5558233373494,5.55510934939759,0.000128528154334927
2020-07-30,605,1.25,14.193,64853,0.012,68.06,5.61614562650602,5.51792431325301,0.0178004096607675
2020-07-31,377,1.2,15.55,75203,0.009,68.06,5.50237390361446,5.66514903614458,-0.028732718502477
2020-08-01,615,1.17,15.821,68919,0.006,68.06,5.50237390361446,5.62645397590361,-0.0220529791624626
2020-08-02,423,1.13,17.023,57158,0.012,71.76,5.50237390361446,5.62474436144578,-0.0217557367886977
2020-08-03,412,1.1,18.729,65529,0.007,75.46,5.47590457831325,5.56799837349398,-0.0165398387361476
2020-08-04,715,1.08,21.948,51706,0.009,75.46,5.58681786746988,5.56799837349398,0.0033799388422046
2020-08-05,445,1.02,23.266,70464,0.01,75.46,5.53816696385542,5.56799837349398,-0.00535765415819157
2020-08-06,382,0.97,24.507,80008,0.006,75.46,5.56736343373494,5.57753561445783,-0.00182377691977865
2020-08-07,426,0.93,25.554,91937,0.005,75.46,5.53106004819277,5.55688792771084,-0.00464790362052739
2020-08-08,386,0.89,25.516,40197,0.006,75.46,5.53106004819277,5.5558233373494,-0.00445717720902928
2020-08-09,313,0.86,25.748,93191,0.004,75.46,5.53106004819277,5.61614562650602,-0.0151501730851997
2020-08-10,316,0.84,26.097,61132,0.006,75.46,5.60336822891566,5.50237390361446,0.0183546823735231
2020-08-11,414,0.82,26.601,61626,0.006,75.46,5.60215425301205,5.50237390361446,0.0181340547090132
2020-08-12,231,0.79,26.601,61172,0.007,75.46,5.61458396385542,5.50237390361446,0.0203930271200317
2020-08-13,384,0.79,26.33,68441,0.004,75.46,5.63176421686747,5.47590457831325,0.0284628112716724
2020-08-14,293,0.77,26.407,70629,0.005,75.46,5.66549037349398,5.58681786746988,0.0140818096974628
2020-08-15,252,0.75,26.369,63370,0.005,75.46,5.66549037349398,5.53816696385542,0.0229901717426585
2020-08-16,271,0.73,26.136,53774,0.005,75.46,5.66549037349398,5.56736343373494,0.0176253878387828
2020-08-17,215,0.71,26.446,38539,0.008,75.46,5.65450286746988,5.53106004819277,0.0223181122970166
2020-08-18,216,0.69,26.912,44516,0.005,75.46,5.71796725301205,5.53106004819277,0.0337922935550751
2020-08-19,247,0.68,24.973,59882,0.004,75.46,5.75015957831325,5.53106004819277,0.0396125748430577
2020-08-20,171,0.67,25.089,68336,0.004,75.46,5.8083678313253,5.60336822891566,0.0365850670587302
2020-08-21,195,0.66,24.469,71149,0.003,75.46,5.73037504819277,5.60215425301205,0.022887765918224
2020-08-22,209,0.65,23.422,67697,0.003,75.46,5.73037504819277,5.61458396385542,0.0206232705900862
2020-08-23,104,0.63,25.554,58910,0.004,75.46,5.73037504819277,5.63176421686747,0.0175097584927216
2020-08-24,138,0.62,24.973,51447,0.002,75.46,5.77079475903614,5.66549037349398,0.0185869851681041
2020-08-25,151,0.61,23.383,56675,0.004,75.46,5.82305662650602,5.66549037349398,0.027811582515297
2020-08-26,118,0.6,21.638,71703,0.002,75.46,5.80853453012048,5.66549037349398,0.0252483275403202
2020-08-27,126,0.6,21.056,86268,0.001,75.46,5.82557206024096,5.65450286746988,0.030253622074407
2020-08-28,99,0.6,19.776,79556,0.002,75.46,5.78460071084337,5.71796725301205,0.0116533472268882
2020-08-29,123,0.6,19.427,67555,0.002,75.46,5.78460071084337,5.75015957831325,0.00598959595139155
2020-08-30,76,0.6,18.652,48438,0.003,75.46,5.78460071084337,5.8083678313253,-0.00409187592317204
2020-08-31,73,0.61,17.45,46224,0.002,75.46,5.75590084337349,5.73037504819277,0.00445447199634399
2020-09-01,104,0.62,16.752,41379,0.002,75.46,5.69625901204819,5.73037504819277,-0.005953543329653
2020-09-02,126,0.63,15.162,63963,0.002,75.46,5.76546621686747,5.73037504819277,0.00612371238873197
2020-09-03,87,0.62,13.844,136194,0.002,75.46,5.87601790361446,5.77079475903614,0.0182337353816908
2020-09-04,71,0.61,12.641,70961,0.001,75.46,5.66202454216868,5.82305662650602,-0.0276542191955245
2020-09-05,71,0.6,12.021,63838,0.001,75.46,5.66202454216868,5.80853453012048,-0.0252232275098085
2020-09-06,43,0.59,11.401,66560,0.001,75.46,5.66202454216868,5.82557206024096,-0.0280740700451526
2020-09-07,52,0.59,10.198,36086,0.001,75.46,5.66158877108434,5.78460071084337,-0.0212654158701822
2020-09-08,92,0.6,8.57,36963,0.002,75.46,5.70299974698795,5.78460071084337,-0.0141065853866904
2020-09-09,59,0.59,7.562,58936,0.002,75.46,5.56292892771084,5.78460071084337,-0.038321017164936
2020-09-10,40,0.58,6.282,60098,0.001,75.46,5.60440877108434,5.75590084337349,-0.0263194374627845
2020-09-11,43,0.58,5.855,78722,0.001,75.46,5.54096934939759,5.69625901204819,-0.0272616926867526
2020-09-12,44,0.58,5.313,48002,0.001,75.46,5.54096934939759,5.76546621686747,-0.0389381984084982
2020-09-13,41,0.59,5.468,39935,0.001,75.46,5.54096934939759,5.87601790361446,-0.0570196619058585
2020-09-14,47,0.58,5.39,30946,0.001,75.46,5.45854219277108,5.66202454216868,-0.0359380903212498
2020-09-15,39,0.57,4.886,29616,0.002,75.46,5.451326,5.66202454216868,-0.0372125801644747
2020-09-16,35,0.57,4.537,47732,0.001,75.46,5.54161285542169,5.66202454216868,-0.0212665427092741
2020-09-17,48,0.56,4.188,54357,0.001,75.46,5.4944015060241,5.66158877108434,-0.0295300969074483
2020-09-18,24,0.54,4.11,45422,0.001,75.46,5.50449481927711,5.70299974698795,-0.0348071079287148
2020-09-19,13,0.52,4.227,39050,0.001,75.46,5.50449481927711,5.56292892771084,-0.0105041982727219
2020-09-20,14,0.53,4.149,33039,0.001,75.46,5.50449481927711,5.60440877108434,-0.0178277416741494
2020-09-21,30,0.54,3.878,23436,0.001,75.46,5.43852184337349,5.54096934939759,-0.0184890945183146
2020-09-22,30,0.54,3.451,31595,0.001,75.46,5.41344531325301,5.54096934939759,-0.0230147521314917
2020-09-23,8,0.53,3.141,44757,0.001,75.46,5.45148220238095,5.54096934939759,-0.0161500887974352
2020-09-24,20,0.55,2.753,45287,0,75.46,5.44321423809524,5.45854219277108,-0.00280806745364088
2020-09-25,16,0.56,2.637,38488,0,75.46,5.45938938095238,5.451326,0.00147915955721244
2020-09-26,24,0.58,2.521,37705,0,75.46,5.45938938095238,5.54161285542169,-0.0148374627774408
2020-09-27,4,0.58,2.404,28703,0.001,75.46,5.45938938095238,5.4944015060241,-0.00637232736510577
2020-09-28,11,0.61,2.327,17099,0,68.06,5.48204392857143,5.50449481927711,-0.00407864689545268
2020-09-29,23,0.65,2.133,26010,0.001,68.06,5.56382769047619,5.50449481927711,0.0107789857465747
2020-09-30,18,0.68,1.939,48071,0,68.06,5.44669051190476,5.50449481927711,-0.010501291993211
2020-10-01,13,0.7,1.978,42248,0,68.06,5.50355966666667,5.43852184337349,0.011958731649192
2020-10-02,12,0.74,1.9,36929,0,68.06,5.47025485714286,5.41344531325301,0.0104941567897186
2020-10-03,14,0.78,1.784,30153,0,68.06,5.47025485714286,5.45148220238095,0.00344358727864973
2020-10-04,13,0.83,1.784,26188,0.001,68.06,5.47025485714286,5.44321423809524,0.00496776681291922
2020-10-05,25,0.88,1.435,22602,0,68.06,5.6000460952381,5.45938938095238,0.0257641843200379
2020-10-06,8,0.89,1.241,23949,0.001,68.06,5.61427495238095,5.45938938095238,0.0283704935883419
2020-10-07,25,0.96,1.202,33220,0,68.06,5.70536340476191,5.45938938095238,0.0450552262616987
2020-10-08,20,0.99,1.086,42386,0.001,68.06,5.82982482142857,5.48204392857143,0.0634400047479685
2020-10-09,18,1,1.202,41114,0.001,68.06,5.88410784523809,5.56382769047619,0.0575647149012432
2020-10-10,19,1.01,1.202,40598,0,68.06,5.88410784523809,5.44669051190476,0.0803088283384699
2020-10-11,22,1.03,1.241,31321,0.001,68.06,5.88410784523809,5.50355966666667,0.0691458259054206
2020-10-12,25,1.02,1.202,27447,0.001,68.06,5.90212891666667,5.47025485714286,0.078949531749857
2020-10-13,27,0.98,1.086,27430,0.001,68.06,5.96250269047619,5.47025485714286,0.0899862705099699
2020-10-14,20,0.94,1.008,46615,0.001,68.06,5.97789252380952,5.47025485714286,0.0927996372973029
2020-10-15,14,0.89,0.776,43513,0.001,68.06,5.98899116666667,5.6000460952381,0.0694539053454049
2020-10-16,7,0.85,0.698,43878,0,68.06,6.02387525,5.61427495238095,0.072956935863168
2020-10-17,12,0.85,0.62,42374,0,68.06,6.02387525,5.70536340476191,0.0558267410227108
2020-10-18,9,0.88,0.659,36668,0,68.06,6.02387525,5.82982482142857,0.0332858078098952
2020-10-19,6,0.93,0.659,27338,0,68.06,6.0332313452381,5.88410784523809,0.025343434199746
2020-10-20,38,1.02,0.62,28873,0.001,68.06,5.9827860952381,5.88410784523809,0.0167702993547032
2020-10-21,15,1,0.62,45759,0,68.06,5.98515578571429,5.88410784523809,0.0171730265885536
2020-10-22,18,0.99,0.776,45818,0,68.06,5.97367117857143,5.90212891666667,0.0121214332853249
2020-10-23,19,0.96,0.698,43502,0,68.06,5.93719184523809,5.96250269047619,-0.00424500357518065
2020-10-24,18,0.91,0.659,37885,0,68.06,5.93719184523809,5.97789252380952,-0.00680853300880212
2020-10-25,12,0.87,0.659,30631,0.001,68.06,5.93719184523809,5.98899116666667,-0.00864908963580956
2020-10-26,14,0.85,0.582,31186,0,68.06,5.90008925,6.02387525,-0.0205492303314216
2020-10-27,14,0.81,0.504,31530,0,68.06,5.80374521428571,6.02387525,-0.0365429273646205
2020-10-28,12,0.8,0.737,51683,0,60.65,5.78474225,6.02387525,-0.0396975352369722
2020-10-29,14,0.78,0.776,50670,0,60.65,5.73128479761905,6.0332313452381,-0.0500472351118059
2020-10-30,6,0.74,0.659,47531,0,62.5,5.6385193452381,5.9827860952381,-0.057542881279679
2020-10-31,10,0.72,0.659,41012,0,62.5,5.6385193452381,5.98515578571429,-0.0579160263971009
2020-11-01,6,0.72,0.62,35732,0,62.5,5.6385193452381,5.97367117857143,-0.0561048345840627
2020-11-02,9,0.76,0.582,30215,0,62.5,5.60127972619048,5.93719184523809,-0.0565776090454338
2020-11-03,12,0.78,0.776,31770,0,62.5,5.71484419047619,5.93719184523809,-0.0374499697092048
2020-11-04,8,0.8,0.814,46392,0,62.5,5.77936622619048,5.93719184523809,-0.0265825365192135
2020-11-05,14,0.81,0.776,43579,0,62.5,5.82172997619048,5.90008925,-0.0132810319453258
2020-11-06,8,0.78,0.737,46471,0,62.5,5.86851054761905,5.80374521428571,0.0111592309693257
2020-11-07,6,0.75,0.737,38742,0,62.5,5.86851054761905,5.78474225,0.0144809040746885
2020-11-08,7,0.76,0.776,35459,0,64.35,5.86851054761905,5.73128479761905,0.0239432788363628
2020-11-09,4,0.79,0.776,29026,0,64.35,5.93699921428571,5.6385193452381,0.0529358597128331
2020-11-10,2,0.84,0.853,33373,0,64.35,5.99934344047619,5.6385193452381,0.0639927032515765
2020-11-11,4,0.96,0.853,52406,0,64.35,6.09125126190476,5.6385193452381,0.0802926954660557
2020-11-12,1,1.11,0.853,55862,0,64.35,6.06742452380952,5.60127972619048,0.0832211245297117
2020-11-13,6,1.34,0.814,39993,0,64.35,6.03583971428571,5.71484419047619,0.0561687271097371
2020-11-14,29,1.58,0.853,40222,0,64.35,6.03583971428571,5.77936622619048,0.0443774417570168
2020-11-15,38,1.61,0.931,30643,0.001,64.35,6.03583971428571,5.82172997619048,0.036777682745661
2020-11-16,9,1.45,0.892,22430,0.001,64.35,6.07817555952381,5.86851054761905,0.0357271253418512
2020-11-17,19,1.32,0.853,39581,0,64.35,6.04968288095238,5.86851054761905,0.0308719447401927
2020-11-18,8,1.2,1.008,56696,0,64.35,6.07566220238095,5.86851054761905,0.0352988467995426
2020-11-19,7,1.12,0.892,61101,0,64.35,6.090841,5.93699921428571,0.0259123810129718
2020-11-20,14,1.08,0.969,62115,0,64.35,6.04800987058824,5.99934344047619,0.00811195934936883
2020-11-21,15,1.03,0.853,50604,0,64.35,6.04800987058824,6.09125126190476,-0.00709893410356613
2020-11-22,13,0.99,0.814,42140,0,64.35,6.04800987058824,6.06742452380952,-0.00319981783788193
2020-11-23,9,0.97,0.969,32716,0,64.35,6.07166902352941,6.03583971428571,0.00593609355776903
2020-11-24,10,0.95,0.931,33758,0,64.35,6.09563181176471,6.03583971428571,0.00990617715335863
2020-11-25,12,0.94,0.931,51587,0,64.35,6.11312784705882,6.03583971428571,0.012804868325145
2020-11-26,8,0.92,0.853,46072,0,64.35,6.10593625882353,6.07817555952381,0.00456727500347078
2020-11-27,13,0.91,0.814,44476,0,64.35,6.09405504705882,6.04968288095238,0.00733462678616587
2020-11-28,6,0.89,0.814,30043,0,64.35,6.09405504705882,6.07566220238095,0.00302729876434923
2020-11-29,10,0.91,0.853,23034,0,64.35,6.09405504705882,6.090841,0.000527685266915247
2020-11-30,10,0.95,0.814,24527,0,64.35,6.10859682352941,6.04800987058824,0.0100176676688002
2020-12-01,11,0.98,0.814,27118,0,62.5,6.13291750588235,6.04800987058824,0.0140389379499903
2020-12-02,16,0.99,1.008,41106,0,62.5,6.08172469411765,6.04800987058824,0.00557453182961364
2020-12-03,10,0.96,1.047,35767,0,62.5,6.09196744705882,6.07166902352941,0.00334313735658992
2020-12-04,7,0.92,1.086,30458,0,62.5,6.16662531764706,6.09563181176471,0.0116466197556968
2020-12-05,9,0.92,1.125,26966,0,62.5,6.16662531764706,6.11312784705882,0.00875124354122156
2020-12-06,7,0.94,1.28,23086,0,62.5,6.16662531764706,6.10593625882353,0.0099393534833956
2020-12-07,15,0.98,1.435,22033,0,62.5,6.16805108235294,6.09405504705882,0.0121423312921714
2020-12-08,6,0.98,1.241,22558,0.001,62.5,6.15410285882353,6.09405504705882,0.00985350662260378
2020-12-09,7,1,1.474,36532,0,62.5,6.14822867058824,6.09405504705882,0.00888958552410148
2020-12-10,11,1.04,1.474,37261,0,62.5,6.10807643529412,6.10859682352941,-8.51894879180722e-05
2020-12-11,14,1.06,1.435,30806,0,62.5,6.02655977647059,6.13291750588235,-0.0173421099027914
2020-12-12,5,1.07,1.318,25391,0.001,62.5,6.02655977647059,6.08172469411765,-0.00907060421534959
2020-12-13,7,1.14,1.086,20693,0,62.5,6.02655977647059,6.09196744705882,-0.0107367071732817
2020-12-14,11,1.24,1.202,20629,0,62.5,6.0304996,6.16662531764706,-0.0220745887150801
2020-12-15,12,1.35,1.086,20706,0,62.5,6.02001581176471,6.16662531764706,-0.0237746738824555
2020-12-16,12,1.46,1.125,31971,0,62.5,6.05526775294118,6.16662531764706,-0.0180581045498596
2020-12-17,21,1.58,0.931,28598,0,62.5,6.14516430588235,6.16805108235294,-0.00371053614261854
2020-12-18,33,1.65,0.969,23011,0.001,62.5,6.05931716470588,6.15410285882353,-0.0154020328051143
2020-12-19,42,1.64,1.008,32350,0.001,70.83,6.05931716470588,6.14822867058824,-0.0144613205926589
2020-12-20,30,1.52,0.892,46375,0.001,70.83,6.05931716470588,6.10807643529412,-0.00798275383498667
2020-12-21,21,1.39,0.853,67852,0,70.83,6.03277690588235,6.02655977647059,0.001031621628651
2020-12-22,18,1.29,0.776,76094,0,70.83,5.99635492941176,6.02655977647059,-0.0050119551085765
2020-12-23,25,1.22,0.814,89673,0,70.83,5.98330254651163,6.02655977647059,-0.00717776502074178
2020-12-24,12,1.14,0.931,100014,0,70.83,6.06033503488372,6.0304996,0.00494742340812382
2020-12-25,23,1.1,0.892,93364,0,70.83,6.06033503488372,6.02001581176471,0.00669752777728932
2020-12-26,11,1.08,0.969,50869,0,70.83,6.06033503488372,6.05526775294118,0.000836838625357742
2020-12-27,29,1.11,0.737,35276,0,70.83,6.06033503488372,6.14516430588235,-0.0138042315512101
2020-12-28,12,1.11,0.931,29426,0.001,70.83,6.06033503488372,6.05931716470588,0.000167984304199823
2020-12-29,32,1.14,0.737,39312,0,70.83,6.09952645348837,6.05931716470588,0.00663594390085736
2020-12-30,24,1.12,0.853,40313,0.001,70.83,6.08465184883721,6.05931716470588,0.00418111206967284
2020-12-31,20,1.09,0.737,54809,0.001,70.83,6.02657641860465,6.03277690588235,-0.00102779986305419
2021-01-01,35,1.07,0.969,56346,0,70.83,6.02657641860465,5.99635492941176,0.00503997671062659
2021-01-02,24,1.02,1.008,60612,0.001,70.83,6.02657641860465,5.98330254651163,0.00723243923512647
2021-01-03,20,0.96,1.008,51136,0,70.83,6.02657641860465,6.06033503488372,-0.00557042079105415
2021-01-04,13,0.92,1.241,77267,0,70.83,6.05879720930233,6.06033503488372,-0.000253752568553275
2021-01-05,19,0.89,1.396,84675,0,70.83,6.00556769767442,6.06033503488372,-0.009037014768005
2021-01-06,10,0.87,1.474,101274,0,70.83,5.94301523255814,6.06033503488372,-0.019358633087161
2021-01-07,25,0.87,1.59,87889,0,70.83,6.00745310465116,6.06033503488372,-0.00872590870441429
2021-01-08,11,0.84,1.551,72548,0,70.83,6.07465255813953,6.09952645348837,-0.00407800433992898
2021-01-09,13,0.84,1.59,75757,0,70.83,6.07465255813953,6.08465184883721,-0.00164336283259746
2021-01-10,19,0.86,1.745,76327,0,70.83,6.07465255813953,6.02657641860465,0.00797735500150105
2021-01-11,20,0.86,1.823,74958,0,55.09,6.04780387209302,6.02657641860465,0.00352230719631156
2021-01-12,16,0.84,1.706,60177,0,55.09,6.01916704651163,6.02657641860465,-0.00122944962087423
2021-01-13,10,0.82,1.784,69775,0,55.09,6.01171209302326,6.02657641860465,-0.00246646263963521
2021-01-14,9,0.81,1.978,63170,0,55.09,6.01715377906977,6.05879720930233,-0.00687321737202586
2021-01-15,20,0.83,1.823,55206,0,55.09,5.97151879069767,6.00556769767442,-0.00566955676645352
2021-01-16,19,0.82,1.474,44656,0,55.09,5.97151879069767,5.94301523255814,0.00479614421706019
2021-01-17,13,0.77,1.318,33545,0.001,55.09,5.97151879069767,6.00745310465116,-0.00598162204972798
2021-01-18,10,0.73,1.241,42020,0,55.09,5.97499205813954,6.07465255813953,-0.0164059588669747
2021-01-19,9,0.68,1.396,40980,0,55.09,6.06628336046512,6.07465255813953,-0.0013777245026475
2021-01-20,9,0.66,1.241,57693,0,55.09,6.09171697674419,6.07465255813953,0.00280911845431983
2021-01-21,6,0.63,1.318,48072,0,55.09,6.13626906976744,6.04780387209302,0.0146276565089407
2021-01-22,5,0.62,1.241,49562,0,55.09,6.05368011627907,6.01916704651163,0.00573386142978768
2021-01-23,6,0.64,1.008,37069,0,55.09,6.05368011627907,6.01171209302326,0.00698104343761221
2021-01-24,11,0.66,0.969,31967,0,55.09,6.05368011627907,6.01715377906977,0.00607036790988403
2021-01-25,3,0.65,1.086,35020,0,55.09,6.07568779069767,5.97151879069767,0.0174443058208698
2021-01-26,6,0.67,0.814,29802,0,55.09,6.07568779069767,5.97151879069767,0.0174443058208698
2021-01-27,8,0.69,0.814,36210,0,55.09,6.02763845348837,5.97151879069767,0.00939788766605238
2021-01-28,5,0.71,0.776,33864,0,55.09,5.89047622093023,5.97499205813954,-0.0141449287943687
2021-01-29,7,0.73,0.543,40711,0,55.09,5.88887953488372,6.06628336046512,-0.0292442365514217
2021-01-30,5,0.75,0.543,35383,0,55.09,5.88887953488372,6.09171697674419,-0.0332972530790285
2021-01-31,7,0.77,0.388,27469,0,70.83,5.88887953488372,6.13626906976744,-0.0403159529138929
2021-02-01,5,0.79,0.349,30319,0,78.24,5.83399562790698,6.05368011627907,-0.0362894114245209
2021-02-02,6,0.81,0.349,36352,0,78.24,5.9922556627907,6.05368011627907,-0.0101466301999002
2021-02-03,9,0.83,0.388,59220,0,78.24,6.04332493023256,6.05368011627907,-0.00171056049338744
2021-02-04,4,0.82,0.349,51180,0,78.24,6.0611071627907,6.07568779069767,-0.00239983165845052
2021-02-05,6,0.84,0.349,45569,0,63.43,6.07499460465116,6.07568779069767,-0.000114091781933381
2021-02-06,3,0.85,0.427,60023,0,63.43,6.07499460465116,6.02763845348837,0.00785650160144973
2021-02-07,6,0.89,0.388,41191,0,63.43,6.07499460465116,5.89047622093023,0.0313248669208261
2021-02-08,3,0.93,0.427,38462,0,56.02,6.08703875581395,5.88887953488372,0.0336497324756611
2021-02-09,11,0.99,0.465,39312,0,56.02,6.13264706976744,5.88887953488372,0.0413945528074951
2021-02-10,8,0.98,0.427,64648,0,56.02,6.22348522093023,5.88887953488372,0.0568199237332707
2021-02-11,8,0.95,0.465,60489,0,56.02,6.15992470930233,5.83399562790698,0.0558672138587598
2021-02-12,5,0.92,0.427,58374,0,70.83,6.11506751162791,5.9922556627907,0.0204950949606203
2021-02-13,6,0.88,0.543,49666,0,70.83,6.11506751162791,6.04332493023256,0.0118713758110948
2021-02-14,2,0.84,0.543,52326,0,70.83,6.11506751162791,6.0611071627907,0.00890272146456572
2021-02-15,5,0.84,0.465,63576,0,78.24,6.18554723255814,6.07499460465116,0.0181979796035267
2021-02-16,6,0.84,0.427,54959,0,75.46,6.21293312790698,6.07499460465116,0.0227059499197258
2021-02-17,1,0.83,0.465,84860,0,75.46,6.13860945348837,6.07499460465116,0.0104715893555698
2021-02-18,6,0.88,0.388,73162,0,53.24,6.05255630232558,6.08703875581395,-0.00566489796954823
2021-02-19,2,0.92,0.388,57122,0,53.24,5.96212908139535,6.13264706976744,-0.027804957049087
2021-02-20,6,1,0.388,46420,0,53.24,5.96212908139535,6.22348522093023,-0.0419951410273966
2021-02-21,4,1.04,0.427,34800,0,53.24,5.96212908139535,6.15992470930233,-0.0321100723208967
2021-02-22,7,1.09,0.427,36501,0,53.24,5.99350475581395,6.11506751162791,-0.019879217291191
2021-02-23,2,1.12,0.465,43521,0,53.24,6.01614060465116,6.11506751162791,-0.0161775657895244
2021-02-24,8,1.21,0.504,56776,0,53.24,5.99232887209302,6.11506751162791,-0.0200715101348422
2021-02-25,10,1.27,0.659,49940,0,53.24,5.98321053488372,6.18554723255814,-0.0327112040482696
2021-02-26,8,1.29,0.814,47899,0,53.24,5.84815051162791,6.21293312790698,-0.0587134303185328
2021-02-27,5,1.28,0.737,33422,0,50.46,5.84815051162791,6.13860945348837,-0.0473167325696876
2021-02-28,8,1.29,0.659,27600,0,50.46,5.84815051162791,6.05255630232558,-0.0337718115268314
2021-03-01,8,1.31,0.931,24226,0,50.46,5.93405763953488,5.96212908139535,-0.00470829153096692
2021-03-02,10,1.32,0.776,39974,0,50.46,5.939751,5.96212908139535,-0.003753370832775
2021-03-03,11,1.33,1.047,52921,0,50.46,5.95505953488372,5.96212908139535,-0.00118574194136264
2021-03-04,14,1.33,0.931,49049,0,50.46,5.89517609302326,5.99350475581395,-0.0164058704875998
2021-03-05,8,1.3,1.047,47635,0,50.46,5.82318476744186,6.01614060465116,-0.0320730265280245
2021-03-06,5,1.28,1.125,37172,0,50.46,5.82318476744186,5.99232887209302,-0.0282267726390797
2021-03-07,12,1.29,1.125,28385,0,50.46,5.82318476744186,5.98321053488372,-0.0267458025267316
2021-03-08,15,1.3,1.125,35146,0,50.46,5.92824452325581,5.84815051162791,0.0136956139327564
2021-03-09,13,1.27,1.629,27603,0.001,50.46,5.99012061627907,5.84815051162791,0.0242760688817573
2021-03-10,16,1.23,1.784,47309,0,50.46,6.00533905813954,5.84815051162791,0.0268783346459859
2021-03-11,12,1.17,1.706,51011,0,50.46,6.0002968372093,5.93405763953488,0.0111625470627566
2021-03-12,10,1.13,1.861,45015,0,50.46,6.03266006976744,5.939751,0.0156419132329691
2021-03-13,5,1.1,1.59,36989,0,50.46,6.03266006976744,5.95505953488372,0.0130310258745778
2021-03-14,13,1.09,1.435,29392,0,50.46,6.03266006976744,5.89517609302326,0.023321436811174
2021-03-15,7,1.07,1.667,32312,0,44.91,6.10241961627907,5.82318476744186,0.0479522563663866
2021-03-16,17,1.09,1.823,33843,0,44.91,6.168009,5.82318476744186,0.0592157464221457
2021-03-17,12,1.06,1.784,54260,0,44.91,6.17461946511628,5.82318476744186,0.0603509439781702
2021-03-18,17,1.04,2.443,50496,0,44.91,6.1864803255814,5.92824452325581,0.0435602481160404
2021-03-19,9,0.99,2.482,44082,0,44.91,6.15823760465116,5.99012061627907,0.0280657100485104
2021-03-20,4,0.95,2.327,36037,0,44.91,6.15823760465116,6.00533905813954,0.0254604352945553
2021-03-21,10,0.93,2.482,35410,0,44.91,6.15823760465116,6.0002968372093,0.0263221590076063
2021-03-22,5,0.92,2.559,30548,0,44.91,6.15192645348837,6.03266006976744,0.0197701150639388
2021-03-23,10,0.95,2.792,29572,0,44.91,6.13158375581395,6.03266006976744,0.0163980209231855
2021-03-24,9,0.98,2.753,47726,0,44.91,6.15425343023256,6.03266006976744,0.020155844860956
2021-03-25,9,1.03,2.831,39005,0,44.91,6.11122860465116,6.10241961627907,0.00144352386856412
2021-03-26,13,1.1,2.908,38818,0,50.46,6.15437080232558,6.168009,-0.00221111831620519
2021-03-27,7,1.13,2.986,29677,0,50.46,6.15437080232558,6.17461946511628,-0.00327933776406675
2021-03-28,17,1.16,3.025,35391,0,50.46,6.15437080232558,6.1864803255814,-0.00519027323550024
2021-03-29,20,1.16,3.219,45086,0,75.46,6.0854135,6.15823760465116,-0.0118254782173654
2021-03-30,8,1.09,2.947,44989,0,75.46,6.01916505813954,6.15823760465116,-0.0225831732128344
2021-03-31,18,1.07,3.374,84676,0,75.46,6.1053668372093,6.15823760465116,-0.0085853730947193
2021-04-01,11,1.01,3.335,85667,0,46.76,6.11484806976744,6.15192645348837,-0.0060271175218465
2021-04-02,8,0.97,3.025,78079,0,46.76,6.11484806976744,6.13158375581395,-0.00272942305169411
2021-04-03,7,0.94,3.141,56078,0,46.76,6.11484806976744,6.15425343023256,-0.00640294731307918
2021-04-04,9,0.92,3.257,32355,0,46.76,6.11484806976744,6.11122860465116,0.000592264722927332
2021-04-05,8,0.91,3.063,27077,0,46.76,6.11484806976744,6.15437080232558,-0.00642189653948129
2021-04-06,14,0.93,3.18,28581,0,46.76,6.19103919767442,6.15437080232558,0.00595810628358333
2021-04-07,6,0.92,2.947,32561,0,46.76,6.19680454651163,6.15437080232558,0.00689489560330234
2021-04-08,5,0.95,2.947,44549,0,46.76,6.24645460465116,6.0854135,0.026463461299904
2021-04-09,6,1.02,2.676,50988,0,46.76,6.25194952325581,6.01916505813954,0.0386738796606833
2021-04-10,9,1.12,2.521,34169,0,46.76,6.25194952325581,6.1053668372093,0.0240088253425101
2021-04-11,14,1.2,2.404,30245,0,46.76,6.25194952325581,6.11484806976744,0.0224210727599624
2021-04-12,10,1.25,2.443,32317,0,46.76,6.22706126744186,6.11484806976744,0.0183509379782001
2021-04-13,21,1.33,2.288,28512,0.001,46.76,6.25661695348837,6.11484806976744,0.0231843673143496
2021-04-14,19,1.35,1.939,45793,0,46.76,6.21013970114943,6.11484806976744,0.0155836466081826
2021-04-15,15,1.34,1.784,44406,0,44.91,6.23635097701149,6.11484806976744,0.0198701432738414
2021-04-16,15,1.35,1.706,39152,0,44.91,6.23831491954023,6.19103919767442,0.00763615289070842
2021-04-17,20,1.36,1.706,29678,0.001,44.91,6.23831491954023,6.19680454651163,0.00669867392412255
2021-04-18,14,1.33,1.823,24028,0.001,44.91,6.23831491954023,6.24645460465116,-0.00130308881215151
2021-04-19,23,1.33,1.861,28648,0.001,39.35,6.25943282758621,6.25194952325581,0.00119695533410135
2021-04-20,20,1.32,1.823,27878,0.001,39.35,6.16161026136364,6.25194952325581,-0.0144497746752651
2021-04-21,18,1.33,1.823,37749,0,39.35,6.14555897727273,6.25194952325581,-0.0170171792954083
2021-04-22,44,1.35,2.365,37186,0.001,39.35,6.19646397727273,6.22706126744186,-0.00491360030920381
2021-04-23,15,1.27,2.598,33457,0.001,39.35,6.23812277272727,6.25661695348837,-0.00295593943157853
2021-04-24,10,1.21,2.637,38148,0,75.46,6.23812277272727,6.21013970114943,0.0045060293205108
2021-04-25,17,1.2,2.831,42994,0,75.46,6.23812277272727,6.23635097701149,0.000284107761463466
2021-04-26,37,1.21,2.753,40627,0.001,75.46,6.22963459090909,6.23831491954023,-0.00139145406140831
2021-04-27,33,1.16,2.908,42490,0.001,54.17,6.22506254545455,6.23831491954023,-0.00212435156875032
2021-04-28,23,1.08,2.676,59461,0,54.17,6.27099307954545,6.23831491954023,0.00523829919244174
2021-04-29,25,1.01,2.792,50422,0.001,54.17,6.276341625,6.25943282758621,0.00270133059648364
2021-04-30,13,0.93,2.87,44266,0,54.17,6.26776340909091,6.16161026136364,0.0172281503088415
2021-05-01,13,0.87,2.443,43321,0,44.91,6.26776340909091,6.14555897727273,0.0198849986258555
2021-05-02,14,0.83,2.21,33214,0,48.61,6.26776340909091,6.19646397727273,0.0115064708000712
2021-05-03,12,0.79,2.327,28900,0.001,48.61,6.21213577272727,6.23812277272727,-0.00416583657404346
2021-05-04,15,0.78,2.094,30733,0,48.61,6.23117,6.23812277272727,-0.00111456170078449
2021-05-05,19,0.78,1.784,53237,0,48.61,6.26980793181818,6.23812277272727,0.00507927789261132
2021-05-06,9,0.76,1.474,49746,0,48.61,6.173769625,6.22963459090909,-0.00896761520982544
2021-05-07,13,0.75,1.474,48969,0,48.61,6.18217678409091,6.22506254545455,-0.0068892097148408
2021-05-08,16,0.73,1.396,52678,0,44.91,6.18217678409091,6.27099307954545,-0.0141630351569426
2021-05-09,9,0.68,1.202,41470,0,44.91,6.18217678409091,6.276341625,-0.0150031414054985
2021-05-10,7,0.64,1.125,36799,0,44.91,6.18432677272727,6.26776340909091,-0.0133120271008663
2021-05-11,8,0.62,1.202,35191,0,39.35,6.10568176136364,6.26776340909091,-0.0258595669855991
2021-05-12,9,0.62,1.047,61475,0,39.35,6.05515119318182,6.26776340909091,-0.0339215445817104
2021-05-13,2,0.62,0.931,55232,0,39.35,6.07979446590909,6.21213577272727,-0.0213036726272454
2021-05-14,7,0.65,0.892,54093,0,39.35,6.20027861363636,6.23117,-0.00495755794876977
2021-05-15,11,0.67,0.737,43730,0,39.35,6.20027861363636,6.26980793181818,-0.0110895451563945
2021-05-16,3,0.66,0.814,35340,0,39.35,6.20027861363636,6.173769625,0.00429380917114536
2021-05-17,5,0.68,0.892,36132,0,36.57,6.14261682954545,6.18217678409091,-0.00639903320902398
2021-05-18,9,0.72,0.892,39354,0,36.57,6.18643014772727,6.18217678409091,0.000688004207079534
2021-05-19,3,0.74,0.814,58524,0,36.57,6.07338573863636,6.18217678409091,-0.0175975306520683
2021-05-20,4,0.81,0.659,55335,0,36.57,6.11831498863636,6.18432677272727,-0.0106740452949575
2021-05-21,4,0.89,0.776,50193,0,36.57,6.16322696590909,6.10568176136364,0.00942486143146172
2021-05-22,4,0.99,0.659,39822,0,36.57,6.16322696590909,6.05515119318182,0.0178485671586479
2021-05-23,12,1.13,0.659,36486,0,36.57,6.16322696590909,6.07979446590909,0.0137229145603239
2021-05-24,10,1.22,0.698,30335,0,36.57,6.14302452272727,6.20027861363636,-0.00923411583201625
2021-05-25,17,1.29,0.737,35564,0,42.13,6.27728181818182,6.20027861363636,0.0124193136056984
2021-05-26,17,1.28,0.659,61494,0,47.69,6.27572340909091,6.20027861363636,0.0121679685955754
2021-05-27,11,1.24,0.698,81048,0,47.69,6.30943852272727,6.14261682954545,0.0271580822654315
2021-05-28,9,1.18,0.659,95647,0,75.46,6.36709542045455,6.18643014772727,0.0292034773549726
2021-05-29,13,1.15,0.737,90130,0,75.46,6.36709542045455,6.07338573863636,0.0483601230775979
2021-05-30,9,1.1,0.814,73083,0,75.46,6.36709542045455,6.11831498863636,0.0406615926574957
2021-05-31,13,1.09,0.659,76663,0,75.46,6.33019935227273,6.16322696590909,0.0270917146629869
2021-06-01,6,1.07,0.814,68241,0,75.46,6.29416786363636,6.16322696590909,0.0212455096090979
2021-06-02,13,1.08,0.853,93405,0,75.46,6.35099048863636,6.16322696590909,0.0304651319456279
2021-06-03,4,1.11,0.737,96003,0,75.46,6.39278795454545,6.14302452272727,0.0406580554731851
2021-06-04,16,1.15,0.659,89027,0,71.76,6.43131117045455,6.27728181818182,0.024537587563233
2021-06-05,16,1.16,0.62,69446,0,71.76,6.43131117045455,6.27572340909091,0.0247920042394244
2021-06-06,18,1.13,0.659,53668,0,71.76,6.43131117045455,6.30943852272727,0.0193159260191337
2021-06-07,14,1.08,0.737,89000,0,71.76,6.39822701136364,6.36709542045455,0.00488944940405311
2021-06-08,5,1.02,0.504,54037,0,71.76,6.42611201136364,6.36709542045455,0.00926899740178185
2021-06-09,15,1,0.62,73284,0,71.76,6.37229960227273,6.36709542045455,0.000817355713165897
2021-06-10,3,0.99,0.62,67478,0,71.76,6.38901998863636,6.33019935227273,0.00929206697771989
2021-06-11,6,1,0.582,54466,0,53.24,6.37375177272727,6.29416786363636,0.0126440715937516
2021-06-12,14,1.05,0.62,49096,0,53.24,6.37375177272727,6.35099048863636,0.00358389516275219
2021-06-13,14,1.08,0.969,50833,0,53.24,6.37375177272727,6.39278795454545,-0.00297775899240431
2021-06-14,11,1.11,0.969,39155,0,53.24,6.37375177272727,6.43131117045455,-0.008949869816858
2021-06-15,13,1.13,1.047,42936,0,53.24,6.43627523863636,6.43131117045455,0.000771859431187633
2021-06-16,15,1.14,1.125,47437,0,53.24,6.45545005681818,6.43131117045455,0.00375333827331051
2021-06-17,8,1.16,1.241,70468,0,53.24,6.44955978409091,6.39822701136364,0.00802296833733825
2021-06-18,13,1.19,1.396,75644,0,53.24,6.507882625,6.42611201136364,0.0127247414131226
2021-06-19,9,1.23,1.357,73554,0,53.24,6.507882625,6.37229960227273,0.0212769378701083
2021-06-20,24,1.31,1.396,57146,0,53.24,6.507882625,6.38901998863636,0.0186042048037175
2021-06-21,11,1.35,1.435,60188,0,53.24,6.37228855681818,6.37375177272727,-0.000229569013865867
2021-06-22,14,1.4,1.667,59835,0,53.24,6.49245401136364,6.37375177272727,0.0186236055103809
2021-06-23,24,1.49,1.745,96664,0,53.24,6.49516973863636,6.37375177272727,0.0190496853719072
2021-06-24,20,1.55,1.861,93522,0,53.24,6.51998320454545,6.37375177272727,0.0229427560144236
2021-06-25,33,1.61,1.939,91915,0,53.24,6.58028310227273,6.43627523863636,0.022374410399962
2021-06-26,42,1.62,1.939,95773,0,68.06,6.58028310227273,6.45545005681818,0.0193376208251658
2021-06-27,29,1.57,2.288,90567,0,71.76,6.58028310227273,6.44955978409091,0.0202685644536968
2021-06-28,32,1.56,2.327,100163,0,71.76,6.56876227272727,6.507882625,0.00935475503098408
2021-06-29,42,1.54,2.404,126945,0,68.06,6.581819125,6.507882625,0.0113610684550415
2021-06-30,41,1.5,2.598,150302,0,68.06,6.65233272727273,6.507882625,0.0221961750996895
2021-07-01,41,1.46,2.831,155772,0,68.06,6.59658743181818,6.37228855681818,0.0351991082952459
2021-07-02,50,1.41,2.559,162784,0,68.06,6.67593331818182,6.49245401136364,0.0282603937582062
2021-07-03,19,1.34,2.908,132858,0,68.06,6.67593331818182,6.49516973863636,0.0278304627622258
2021-07-04,51,1.34,3.219,105033,0,68.06,6.67593331818182,6.51998320454545,0.0239187906998966
2021-07-05,27,1.34,3.025,116934,0,68.06,6.63771621590909,6.58028310227273,0.00872806120097286
2021-07-06,30,1.37,3.529,93563,0,68.06,6.47906746067416,6.58028310227273,-0.0153816545618852
2021-07-07,42,1.44,3.8,82037,0,68.06,6.50447360674157,6.58028310227273,-0.011520704254346
2021-07-08,48,1.52,3.878,99235,0,68.06,6.50088143820225,6.56876227272727,-0.0103338850923039
2021-07-09,64,1.61,4.11,98104,0.001,68.06,6.42349813483146,6.581819125,-0.0240542906393738
2021-07-10,85,1.69,4.149,93622,0.001,68.06,6.42349813483146,6.65233272727273,-0.0343991501662428
2021-07-11,121,1.72,4.808,92055,0.001,68.06,6.42349813483146,6.59658743181818,-0.0262392181981605
2021-07-12,102,1.7,4.615,130133,0.001,68.06,6.45031974157303,6.67593331818182,-0.0337950614327332
2021-07-13,106,1.64,4.731,102796,0.001,68.06,6.51181328089888,6.67593331818182,-0.0245838341188883
2021-07-14,84,1.59,4.886,126082,0.001,68.06,6.54732359550562,6.67593331818182,-0.0192646805392639
2021-07-15,113,1.57,4.964,113068,0.001,68.06,6.51096370786517,6.63771621590909,-0.0190958010136266
2021-07-16,145,1.54,4.382,140981,0.001,68.06,6.54159448314607,6.47906746067416,0.00965062068753406
2021-07-17,128,1.49,4.421,158682,0.001,68.06,6.54159448314607,6.50447360674157,0.00570697625185556
2021-07-18,117,1.45,4.77,145274,0.001,68.06,6.54159448314607,6.50088143820225,0.00626269611757128
2021-07-19,104,1.43,5.313,158808,0.001,68.06,6.47059574157303,6.42349813483146,0.00733208070633436
2021-07-20,146,1.43,5.662,137376,0.001,68.06,6.44834379775281,6.42349813483146,0.00386793339078317
2021-07-21,160,1.42,6.127,180180,0.001,68.06,6.48604529213483,6.42349813483146,0.00973724223008773
2021-07-22,156,1.41,6.592,174432,0.001,68.06,6.54830656179775,6.45031974157303,0.0151910020201298
2021-07-23,171,1.39,6.708,179490,0.001,68.06,6.54720516853933,6.51181328089888,0.0054350280196553
2021-07-24,165,1.38,6.708,175466,0.001,68.06,6.54720516853933,6.54732359550562,-1.80878437677123e-05
2021-07-25,164,1.37,7.406,173825,0.001,68.06,6.54720516853933,6.51096370786517,0.00556622065492052
2021-07-26,184,1.38,8.027,164158,0.001,68.06,6.55221201123596,6.54159448314607,0.00162307952858321
2021-07-27,207,1.38,8.57,146735,0.001,68.06,6.53556606741573,6.54159448314607,-0.000921551426929569
2021-07-28,253,1.37,8.686,168966,0.001,68.06,6.45000133707865,6.54159448314607,-0.0140016545359697
2021-07-29,183,1.35,9.074,204244,0.001,68.06,6.48139883146067,6.47059574157303,0.00166956650038135
2021-07-30,221,1.33,9.694,176053,0.001,68.06,6.49409788764045,6.44834379775281,0.00709547929246343
2021-07-31,253,1.33,10.703,167903,0.001,68.06,6.49409788764045,6.48604529213483,0.00124152625258141
2021-08-01,229,1.33,11.245,141919,0.002,68.06,6.49409788764045,6.54830656179775,-0.00827827372553875
2021-08-02,224,1.33,12.331,183370,0.001,68.06,6.55955180898876,6.54720516853933,0.00188578792501669
2021-08-03,253,1.33,14.193,180613,0.001,68.06,6.55053206741573,6.54720516853933,0.000508140311898463
2021-08-04,302,1.34,14.503,205159,0.001,68.06,6.57838964044944,6.54720516853933,0.00476302041976021
2021-08-05,307,1.35,15.201,202641,0.002,68.06,6.59406904494382,6.55221201123596,0.0063882294461912
2021-08-06,353,1.34,16.791,207740,0.001,68.06,6.6551251011236,6.53556606741573,0.0182936003514599
2021-08-07,277,1.33,16.791,203206,0.002,68.06,6.6551251011236,6.45000133707865,0.0318021273679068
2021-08-08,302,1.34,16.597,168811,0.002,68.06,6.6551251011236,6.48139883146067,0.0268038233999203
2021-08-09,380,1.36,16.791,216451,0.001,68.06,6.69008784269663,6.49409788764045,0.0301797044712226
2021-08-10,367,1.36,17.101,160681,0.002,68.06,6.7270594494382,6.49409788764045,0.0358728134112553
2021-08-11,372,1.37,16.597,205968,0.002,68.06,6.7822834494382,6.49409788764045,0.044376534937397
2021-08-12,416,1.39,17.14,243144,0.002,71.76,6.7902665505618,6.55955180898876,0.0351723331549692
2021-08-13,493,1.4,16.558,217811,0.002,71.76,6.85348913483146,6.55053206741573,0.0462492304896464
2021-08-14,439,1.42,16.442,197108,0.003,71.76,6.85348913483146,6.57838964044944,0.0418186683091073
2021-08-15,518,1.45,16.907,183732,0.002,71.76,6.85348913483146,6.59406904494382,0.039341427594932
2021-08-16,482,1.47,19.078,217648,0.002,71.76,6.80915369662921,6.6551251011236,0.0231443576439476
2021-08-17,677,1.5,19.505,212991,0.002,71.76,6.74983057303371,6.6551251011236,0.0142304570494284
2021-08-18,747,1.51,19.893,180161,0.004,71.76,6.77256226966292,6.6551251011236,0.0176461248669088
2021-08-19,707,1.51,19.621,206177,0.004,71.76,6.81570970786517,6.69008784269663,0.0187773117666425
2021-08-20,891,1.51,21.483,212663,0.003,71.76,6.83134215730337,6.7270594494382,0.0155019750678549
2021-08-21,907,1.5,23.46,199284,0.005,71.76,6.83134215730337,6.7822834494382,0.00723336148229435
2021-08-22,894,1.48,24.856,274603,0.004,71.76,6.83134215730337,6.7902665505618,0.00604918914975058
2021-08-23,834,1.46,25.903,389580,0.004,71.76,6.9312734494382,6.85348913483146,0.0113495933350823
2021-08-24,971,1.44,27.493,212116,0.004,71.76,6.97607520224719,6.85348913483146,0.0178866654639769
2021-08-25,1115,1.43,29.742,238375,0.004,71.76,7.02049246067416,6.85348913483146,0.024367635602417
2021-08-26,976,1.41,32.651,238317,0.005,71.76,7.01548364044944,6.80915369662921,0.0303018485134747
2021-08-27,1119,1.4,33.116,201823,0.005,71.76,7.02604474157303,6.74983057303371,0.0409216447065843
2021-08-28,1321,1.4,34.628,208152,0.005,71.76,7.02604474157303,6.77256226966292,0.0374278540111124
2021-08-29,1355,1.39,35.908,172862,0.008,71.76,7.02604474157303,6.81570970786517,0.030860327496804
2021-08-30,1257,1.37,36.955,219520,0.006,71.76,7.03001246067416,6.83134215730337,0.0290821772348774
2021-08-31,1225,1.35,39.088,210646,0.006,71.76,7.07245041573034,6.83134215730337,0.0352944198775344
2021-09-01,1467,1.34,40.639,266169,0.005,71.76,7.0416874494382,6.83134215730337,0.0307912101738238
2021-09-02,1648,1.34,41.531,203243,0.007,71.76,7.05308183146067,6.9312734494382,0.0175737377714257
2021-09-03,1741,1.32,44.4,235695,0.007,71.76,7.09074185393258,6.97607520224719,0.0164371295264214
2021-09-04,1670,1.29,44.09,201948,0.009,71.76,7.09074185393258,7.02049246067416,0.0100063341214216
2021-09-05,1536,1.27,46.184,182653,0.009,71.76,7.09074185393258,7.01548364044944,0.0107274447978508
2021-09-06,1466,1.24,49.907,206705,0.007,71.76,7.08773941573034,7.02604474157303,0.00878085415429491
2021-09-07,1696,1.23,49.635,172589,0.009,71.76,7.11073066292135,7.02604474157303,0.0120531429080189
2021-09-08,1725,1.21,52.272,203949,0.008,71.76,7.14418143820225,7.02604474157303,0.0168141110645368
2021-09-09,1870,1.19,51.109,240435,0.007,71.76,7.00970394382022,7.03001246067416,-0.00288883084739007
2021-09-10,2075,1.17,51.845,200659,0.009,71.76,7.03051683146067,7.07245041573034,-0.00592914503527598
2021-09-11,1616,1.14,53.396,212285,0.01,71.76,7.03051683146067,7.0416874494382,-0.00158635526750324
2021-09-12,1720,1.12,53.241,175141,0.01,71.76,7.03051683146067,7.05308183146067,-0.00319931067570317
2021-09-13,1578,1.1,55.839,220995,0.008,71.76,7.03913984269663,7.09074185393258,-0.00727737834756124
2021-09-14,1643,1.09,55.878,187043,0.009,71.76,7.04738341573034,7.09074185393258,-0.00611479575697717
2021-09-15,1856,1.07,55.956,223742,0.008,71.76,7.00801256179775,7.09074185393258,-0.011667226622973
2021-09-16,1800,1.06,57.507,223818,0.008,71.76,7.06068103370786,7.08773941573034,-0.00381763217231434
2021-09-17,1856,1.04,56.421,331422,0.008,71.76,7.08977639325843,7.11073066292135,-0.00294685182947321
2021-09-18,1572,1.04,57.003,206623,0.009,71.76,7.08977639325843,7.14418143820225,-0.0076152944062841
2021-09-19,1500,1.03,55.917,175472,0.009,71.76,7.08977639325843,7.00970394382022,0.0114230857793637
2021-09-20,1582,1.03,59.678,203725,0.007,71.76,6.92314613483146,7.03051683146067,-0.0152720915408015
2021-09-21,1659,1.04,58.864,194751,0.008,71.76,6.85728195505618,7.03051683146067,-0.0246404184155126
2021-09-22,1809,1.04,59.329,221979,0.008,71.76,6.85036008988764,7.03051683146067,-0.0256249641231004
2021-09-23,1764,1.04,58.476,229864,0.008,71.76,6.9979286741573,7.03913984269663,-0.00585457448783097
2021-09-24,1865,1.05,59.291,215327,0.008,71.76,7.01466324719101,7.04738341573034,-0.00464288184835975
2021-09-25,1752,1.06,57.895,187062,0.01,71.76,7.01466324719101,7.00801256179775,0.000949011625565937
2021-09-26,1472,1.07,59.64,169006,0.01,71.76,7.01466324719101,7.06068103370786,-0.00651747137381838
2021-09-27,1880,1.09,60.144,170072,0.009,71.76,7.07079133707865,7.08977639325843,-0.00267780746905191
2021-09-28,1812,1.11,57.352,203804,0.009,71.76,7.0201125505618,7.08977639325843,-0.00982595766530403
2021-09-29,2400,1.12,58.709,210417,0.009,71.76,6.83842098888889,7.08977639325843,-0.0354532203030477
2021-09-30,2058,1.12,57.507,214250,0.011,71.76,6.88634168888889,6.92314613483146,-0.00531614460041552
2021-10-01,2335,1.12,56.925,203061,0.01,71.76,6.71927576666667,6.85728195505618,-0.020125494225559
2021-10-02,1872,1.12,58.011,202380,0.012,71.76,6.71927576666667,6.85036008988764,-0.0191353916437879
2021-10-03,2023,1.12,58.011,187328,0.01,71.76,6.71927576666667,6.9979286741573,-0.0398193409029268
2021-10-04,2389,1.12,59.523,169509,0.012,71.76,6.76525603333333,7.01466324719101,-0.0355551229002407
2021-10-05,2026,1.11,59.174,173171,0.014,71.76,6.67733942222222,7.01466324719101,-0.0480883847280721
2021-10-06,2216,1.1,58.942,189565,0.011,71.76,6.65409112222222,7.01466324719101,-0.0514026279327347
2021-10-07,2524,1.1,59.019,220866,0.01,71.76,6.74961948888889,7.07079133707865,-0.045422334344045
2021-10-08,2515,1.09,55.723,211751,0.012,74.54,6.84531732222222,7.0201125505618,-0.0248992059715037
2021-10-09,2390,1.08,56.072,178140,0.014,74.54,6.84531732222222,6.83842098888889,0.00100846867201331
2021-10-10,2096,1.07,57.856,177118,0.014,74.54,6.84531732222222,6.88634168888889,-0.00595735276000896
2021-10-11,1848,1.05,57.623,185405,0.012,74.54,6.78986887777778,6.71927576666667,0.0105060595163117
2021-10-12,2029,1.05,56.693,178619,0.01,74.54,6.79683324444444,6.71927576666667,0.0115425353075296
2021-10-13,2744,1.04,56.537,210259,0.01,74.54,6.793465,6.71927576666667,0.0110412544312252
2021-10-14,2532,1.03,54.831,197156,0.014,74.54,6.86570897777778,6.76525603333333,0.0148483581330106
2021-10-15,2311,1.02,57.895,185923,0.014,74.54,7.0056479,6.67733942222222,0.04916755866643
2021-10-16,2173,1.02,55.878,163876,0.014,74.54,7.0056479,6.65409112222222,0.0528331775625534
2021-10-17,2059,1.01,58.244,159533,0.014,74.54,7.0056479,6.74961948888889,0.0379322732981586
2021-10-18,2038,1,54.909,152710,0.014,74.54,7.05311775555556,6.84531732222222,0.0303565815216108
2021-10-19,2097,0.99,53.435,179749,0.011,74.54,7.09123605555556,6.84531732222222,0.0359251035061585
2021-10-20,2544,0.97,52.078,192296,0.011,74.54,7.15337827777778,6.84531732222222,0.0450031665523358
2021-10-21,2547,0.96,50.76,188693,0.014,74.54,7.24065993333333,6.78986887777778,0.0663917173762997
2021-10-22,1883,0.94,49.79,171882,0.015,65.28,7.27228903333333,6.79683324444444,0.069952545809111
2021-10-23,2174,0.93,50.876,153397,0.014,65.28,7.27228903333333,6.793465,0.0704830352895516
2021-10-24,1684,0.91,51.07,151369,0.015,65.28,7.27228903333333,6.86570897777778,0.0592189469247141
2021-10-25,1786,0.9,50.76,139527,0.013,63.43,7.25242448888889,7.0056479,0.0352253770688203
2021-10-26,1850,0.88,46.223,149428,0.012,63.43,7.20012942857143,7.0056479,0.0277606770062522
2021-10-27,2038,0.86,44.633,195419,0.009,63.43,7.19789663736264,7.0056479,0.0274419639848925
2021-10-28,1886,0.84,43.663,191835,0.012,63.43,7.13030456043956,7.05311775555556,0.0109436433020287
2021-10-29,1589,0.82,43.159,173166,0.011,63.43,7.11134140659341,7.09123605555556,0.00283523928414426
2021-10-30,1185,0.81,41.259,160048,0.01,63.43,7.11134140659341,7.15337827777778,-0.0058765061138959
2021-10-31,1466,0.82,41.414,143427,0.009,63.43,7.11134140659341,7.24065993333333,-0.0178600470027037
2021-11-01,1135,0.81,39.475,126983,0.013,60.65,7.18877298901099,7.27228903333333,-0.0114841481051619
2021-11-02,1111,0.82,38.118,125068,0.009,60.65,7.15617723076923,7.27228903333333,-0.015966334950645
2021-11-03,1537,0.83,37.924,201945,0.006,60.65,7.19424758241758,7.27228903333333,-0.0107313461494777
2021-11-04,1580,0.85,36.102,160355,0.01,60.65,7.27864943956044,7.25242448888889,0.00361602533218077
2021-11-05,1534,0.87,36.218,170379,0.009,60.65,7.32010089010989,7.20012942857143,0.0166624034649145
2021-11-06,1387,0.88,33,152372,0.01,60.65,7.32010089010989,7.19789663736264,0.0169777726611019
2021-11-07,1264,0.89,32.379,141007,0.01,60.65,7.32010089010989,7.13030456043956,0.0266182640673387
2021-11-08,1292,0.89,33,122014,0.011,60.65,7.31241807692308,7.11134140659341,0.0282754910547873
2021-11-09,1201,0.89,28.075,136463,0.01,60.65,7.32913425274725,7.11134140659341,0.0306261271540015
2021-11-10,1556,0.89,27.222,191821,0.006,60.65,7.30817776923077,7.11134140659341,0.0276792170960689
2021-11-11,1414,0.89,26.407,169608,0.009,60.65,7.26531745054945,7.18877298901099,0.0106477783698929
2021-11-12,1452,0.9,25.36,167736,0.008,60.65,7.30944552747253,7.15617723076923,0.0214176216939252
2021-11-13,1115,0.9,24.74,137315,0.011,60.65,7.30944552747253,7.19424758241758,0.016012507734163
2021-11-14,995,0.91,23.848,135827,0.008,60.65,7.30944552747253,7.27864943956044,0.00423101677966616
2021-11-15,1014,0.92,24.507,119223,0.009,72.69,7.33455048351648,7.32010089010989,0.00197396096358669
2021-11-16,1228,0.93,23.189,144221,0.007,72.69,7.28924534065934,7.32010089010989,-0.00421518089897333
2021-11-17,1267,0.94,22.258,184546,0.007,72.69,7.32425671428571,7.32010089010989,0.000567727718266735
2021-11-18,1505,0.97,21.677,176483,0.007,72.69,7.33388717582418,7.31241807692308,0.00293597804108766
2021-11-19,1360,0.99,20.862,172738,0.009,72.69,7.37274706593407,7.32913425274725,0.00595060912828355
2021-11-20,1465,1.01,21.211,146721,0.009,72.69,7.37274706593407,7.30817776923077,0.00883521155918633
2021-11-21,1207,1.01,21.87,134161,0.011,72.69,7.37274706593407,7.26531745054945,0.0147866374891149
2021-11-22,1002,1.01,21.328,119615,0.01,72.69,7.33955232967033,7.30944552747253,0.00411889001493288
2021-11-23,1464,1.02,20.591,120302,0.008,72.69,7.34814643956044,7.30944552747253,0.00529464402497495
2021-11-24,1527,1.02,21.832,183383,0.008,72.69,7.25906245054945,7.30944552747253,-0.006892872617179
2021-11-25,1627,1.03,21.599,174186,0.009,72.69,7.22113858241758,7.33455048351648,-0.0154626928199322
2021-11-26,1480,1.03,20.785,180767,0.009,72.69,7.04533542857143,7.28924534065934,-0.0334616137458545
2021-11-27,1235,1.03,19.854,141091,0.011,72.69,7.04533542857143,7.32425671428571,-0.0380818554830634
2021-11-28,1155,1.03,21.017,125571,0.01,72.69,7.04533542857143,7.33388717582418,-0.0393449940440786
2021-11-29,1099,1.04,21.056,123218,0.01,72.69,7.03858384615385,7.37274706593407,-0.0453241128159987
2021-11-30,1417,1.04,20.63,128373,0.008,72.69,7.13637785714286,7.37274706593407,-0.0320598559366505
2021-12-01,1702,1.06,19.893,187923,0.008,72.69,7.0433143956044,7.37274706593407,-0.0446824863763225
2021-12-02,1522,1.06,19.815,177193,0.01,72.69,7.00934796703297,7.33955232967033,-0.0449897143320993
2021-12-03,1708,1.08,20.048,184165,0.008,72.69,7.03398354945055,7.34814643956044,-0.0427540322847299
2021-12-04,1249,1.09,20.979,161890,0.011,72.69,7.03398354945055,7.25906245054945,-0.0310066076207768
2021-12-05,1285,1.11,21.793,156444,0.008,72.69,7.03398354945055,7.22113858241758,-0.0259176625446198
2021-12-06,1434,1.13,21.056,148163,0.009,72.69,6.87633775,7.04533542857143,-0.0239871728301368
2021-12-07,1705,1.14,20.513,153592,0.009,65.28,6.8637627826087,7.04533542857143,-0.025772037088027
2021-12-08,1654,1.15,20.901,207445,0.008,65.28,6.95411284782609,7.04533542857143,-0.0129479400477372
2021-12-09,1711,1.18,21.095,189466,0.009,65.28,6.95328114130435,7.03858384615385,-0.012119299380956
2021-12-10,1757,1.23,20.979,189327,0.009,65.28,6.97865140217391,7.13637785714286,-0.0221017521950683
2021-12-11,1543,1.29,20.746,195796,0.009,65.28,6.97865140217391,7.0433143956044,-0.00918076203879769
2021-12-12,1843,1.36,22.064,190121,0.008,65.28,6.97865140217391,7.00934796703297,-0.00437937522911253
2021-12-13,1970,1.43,23.654,163838,0.011,65.28,7.00529192391304,7.03398354945055,-0.00407900094388859
2021-12-14,2809,1.5,24.236,178487,0.011,50.46,7.06692740217391,7.03398354945055,0.00468352712111998
2021-12-15,3423,1.56,26.058,222651,0.013,40.28,6.99004497826087,7.03398354945055,-0.00624661273100526
2021-12-16,3802,1.61,27.765,268541,0.013,40.28,7.05100608695652,6.87633775,0.0254013609143213
2021-12-17,4017,1.65,27.803,252745,0.015,56.94,7.01406191304348,6.8637627826087,0.0218974832311525
2021-12-18,3862,1.69,29.432,267363,0.015,55.56,7.01406191304348,6.95411284782609,0.00862066327211409
2021-12-19,4031,1.73,29.238,267336,0.015,55.56,7.01406191304348,6.95328114130435,0.00874130795288524
2021-12-20,4492,1.77,30.014,273977,0.015,55.56,6.83768338043478,6.97865140217391,-0.0201998944517013
2021-12-21,5531,1.81,30.789,270702,0.017,55.56,6.8674985326087,6.97865140217391,-0.0159275572255396
2021-12-22,8357,1.87,33.349,310301,0.018,56.94,6.88620286956522,6.97865140217391,-0.0132473349478235
2021-12-23,8218,1.9,35.326,319186,0.027,56.94,6.9480255,7.00529192391304,-0.00817473768902631
2021-12-24,9855,1.94,35.132,321830,0.028,56.94,7.00143191304348,7.06692740217391,-0.00926788764099751
2021-12-25,9459,1.97,37.575,299973,0.033,56.94,7.00143191304348,6.99004497826087,0.00162902167554316
2021-12-26,9884,2.02,38.777,243159,0.04,56.94,7.00143191304348,7.05100608695652,-0.00703079437199037
2021-12-27,11797,2.07,41.375,212187,0.048,56.94,7.00143191304348,7.01406191304348,-0.00180066845097457
2021-12-28,17678,2.14,45.641,225018,0.05,56.94,7.00143191304348,7.01406191304348,-0.00180066845097457
2021-12-29,21369,2.19,50.798,301897,0.06,56.94,7.02980860215054,7.01406191304348,0.00224501712449624
2021-12-30,33811,2.24,56.809,267028,0.08,40.28,7.06270560215054,6.83768338043478,0.0329091315283228
2021-12-31,30363,2.23,62.238,255441,0.113,40.28,6.99310358064516,6.8674985326087,0.0182897815616645
2022-01-01,37459,2.21,70.885,280490,0.138,40.28,6.99310358064516,6.88620286956522,0.0155238980182257
2022-01-02,29608,2.19,77.671,204307,0.159,40.28,6.99310358064516,6.9480255,0.00648789798557316
2022-01-03,44745,2.19,85.582,202837,0.184,40.28,6.99310358064516,7.00143191304348,-0.00118951844447733
2022-01-04,71495,2.18,97.874,212046,0.226,40.28,7.08373896774194,7.00143191304348,0.011755745927504
2022-01-05,75426,2.12,104.97,219727,0.275,40.28,7.08375695698925,7.00143191304348,0.0117583152943899
2022-01-06,78229,2.05,112.61,248366,0.291,45.83,6.84995961290323,7.00143191304348,-0.0216344744934338
2022-01-07,98092,1.99,120.481,258550,0.302,45.83,6.90887846236559,7.00143191304348,-0.013219217415435
2022-01-08,111907,1.9,128.857,280970,0.299,45.83,6.90887846236559,7.02980860215054,-0.0172024797016453
2022-01-09,72834,1.79,136.613,258981,0.265,45.83,6.90887846236559,7.06270560215054,-0.0217801998908332
2022-01-10,93806,1.69,149.875,221101,0.212,45.83,6.90187262365591,6.99310358064516,-0.0130458466598075
2022-01-11,84408,1.6,155.342,215158,0.296,40.28,6.87164751612903,6.99310358064516,-0.0173679773387431
2022-01-12,175271,1.54,162.749,288897,0.264,40.28,6.9336026344086,6.99310358064516,-0.00850851779190576
2022-01-13,128185,1.42,171.551,219303,0.301,45.83,6.91167723655914,6.99310358064516,-0.0116438063796717
2022-01-14,86288,1.31,178.492,252188,0.242,45.83,6.81434775268817,7.08373896774194,-0.0380295231487951
2022-01-15,112867,1.21,184.542,213098,0.263,45.83,6.81434775268817,7.08375695698925,-0.0380319660791383
2022-01-16,59891,1.12,195.71,250274,0.216,45.83,6.81434775268817,6.84995961290323,-0.00519884236221952
2022-01-17,84355,1.04,203.116,199188,0.218,63.43,6.87512777419355,6.90887846236559,-0.0048851182367575
2022-01-18,84615,0.96,205.792,165245,0.224,63.43,6.8392340212766,6.90887846236559,-0.0100804264351105
2022-01-19,67604,0.89,204.628,213047,0.224,63.43,6.71224579787234,6.90887846236559,-0.0284608660529143
2022-01-20,63941,0.84,199.587,186541,0.229,63.43,6.64474831914894,6.90187262365591,-0.0372542813418047
2022-01-21,43166,0.82,198.075,187145,0.206,63.43,6.40528878723404,6.87164751612903,-0.0678670912325406
2022-01-22,67182,0.82,195.283,154762,0.209,66.2,6.40528878723404,6.9336026344086,-0.0761961530002825
2022-01-23,32234,0.81,200.595,161759,0.191,66.2,6.40528878723404,6.91167723655914,-0.073265639003883
2022-01-24,58022,0.8,209.01,110638,0.188,66.2,6.32756241489362,6.81434775268817,-0.0714353530904737
2022-01-25,52920,0.8,202.689,134310,0.17,66.2,6.19179528723404,6.81434775268817,-0.0913590688424347
2022-01-26,51016,0.8,197.377,161570,0.191,66.2,6.19179528723404,6.81434775268817,-0.0913590688424347
2022-01-27,66223,0.81,194.701,140456,0.176,66.2,6.08618965957447,6.87512777419355,-0.114752502139733
2022-01-28,65980,0.82,192.064,102759,0.187,66.2,6.26483954255319,6.8392340212766,-0.0839852060825065
2022-01-29,47258,0.8,185.744,137420,0.168,66.2,6.26483954255319,6.71224579787234,-0.0666552252095668
2022-01-30,36719,0.78,191.832,119336,0.164,55.56,6.26483954255319,6.64474831914894,-0.0571742913875185
2022-01-31,32340,0.76,192.103,99056,0.17,55.56,6.24849273404255,6.40528878723404,-0.024479154398782
2022-02-01,40146,0.73,180.858,92547,0.151,55.56,6.37886431914894,6.40528878723404,-0.00412541400752626
2022-02-02,24228,0.7,178.143,130347,0.159,55.56,6.4468894787234,6.40528878723404,0.00649474096660155
2022-02-03,32179,0.7,172.482,110188,0.161,55.56,6.34472669148936,6.32756241489362,0.00271262066974543
2022-02-04,27336,0.7,165.037,100240,0.134,55.56,6.38138059574468,6.19179528723404,0.0306187946655014
2022-02-05,22985,0.71,160.81,106001,0.119,55.56,6.38138059574468,6.19179528723404,0.0306187946655014
2022-02-06,25247,0.73,151.775,88170,0.125,55.56,6.38138059574468,6.08618965957447,0.0485017642698391
2022-02-07,27373,0.72,147.393,82525,0.108,55.56,6.34839117021277,6.26483954255319,0.0133365949905118
2022-02-08,31510,0.73,139.133,86132,0.096,55.56,6.4936509893617,6.26483954255319,0.0365231136814178
2022-02-09,11483,0.72,132.386,113891,0.116,55.56,6.51936313829787,6.26483954255319,0.0406273128012073
2022-02-10,31250,0.76,127.694,94636,0.129,55.56,6.44639637234043,6.24849273404255,0.0316722202811679
2022-02-11,22564,0.79,121.218,100310,0.113,55.56,6.35996843617021,6.37886431914894,-0.00296226444603916
2022-02-12,25607,0.82,116.72,72452,0.106,55.56,6.35996843617021,6.4468894787234,-0.0134826326463415
2022-02-13,12289,0.83,119.008,86899,0.127,51.39,6.35996843617021,6.34472669148936,0.00240226969922858
2022-02-14,30913,0.86,114.355,67597,0.092,51.39,6.31621245744681,6.38138059574468,-0.0102122318705342
2022-02-15,24394,0.88,106.173,57711,0.101,51.39,6.29173907446808,6.38138059574468,-0.0140473554165336
2022-02-16,24394,0.9,103.807,102972,0.113,51.39,6.32666660638298,6.38138059574468,-0.00857400503555414
2022-02-17,22729,0.93,98.029,105258,0.103,51.39,6.3277904787234,6.34839117021277,-0.00324502554064754
2022-02-18,23217,0.95,95.664,89883,0.117,51.39,6.27286219148936,6.4936509893617,-0.0340007182760592
2022-02-19,17376,0.96,92.756,79118,0.107,51.39,6.27286219148936,6.51936313829787,-0.0378105869514224
2022-02-20,18219,0.98,93.686,65905,0.104,51.39,6.27286219148936,6.44639637234043,-0.0269195641762965
2022-02-21,25163,0.99,93.337,51466,0.104,45.83,6.28551114893617,6.35996843617021,-0.0117071787354466
2022-02-22,25229,1,90.041,82207,0.087,45.83,6.19184355319149,6.35996843617021,-0.0264348612207836
2022-02-23,24852,1,84.767,100703,0.107,45.83,6.25251624468085,6.35996843617021,-0.0168950825098854
2022-02-24,26670,1.01,80.347,89532,0.1,45.83,6.05500428723404,6.31621245744681,-0.0413551906261168
2022-02-25,19803,1.02,78.524,100549,0.109,45.83,6.12084478723404,6.29173907446808,-0.0271616933269742
2022-02-26,17543,1.03,77.361,78661,0.115,45.83,6.12084478723404,6.32666660638298,-0.0325324269404812
2022-02-27,21482,1.06,77.671,70824,0.107,45.83,6.12084478723404,6.3277904787234,-0.0327042578582836
2022-02-28,25418,1.07,75.228,58369,0.106,45.83,6.13305323404255,6.27286219148936,-0.0222879051346758
2022-03-01,21755,1.08,73.832,69785,0.095,45.83,6.19394304255319,6.27286219148936,-0.0125810429955314
2022-03-02,40012,1.11,71.234,98154,0.112,45.83,6.0790755212766,6.27286219148936,-0.0308928626673298
2022-03-03,25159,1.11,67.938,94936,0.137,48.61,6.0790755212766,6.28551114893617,-0.0328430930704042
2022-03-04,22716,1.11,67.938,92085,0.13,48.61,6.0790755212766,6.19184355319149,-0.0182123516116245
2022-03-05,17376,1.13,67.356,80346,0.133,48.61,6.0790755212766,6.25251624468085,-0.0277393479068215
2022-03-06,22182,1.17,70.148,70041,0.125,48.61,6.0790755212766,6.05500428723404,0.003975428075799
2022-03-07,44962,1.21,69.334,65021,0.126,48.61,6.0790755212766,6.12084478723404,-0.00682410147771805
2022-03-08,30691,1.19,67.356,71498,0.126,48.61,6.0790755212766,6.12084478723404,-0.00682410147771805
2022-03-09,36335,1.19,65.456,99999,0.118,48.61,6.0790755212766,6.12084478723404,-0.00682410147771805
2022-03-10,31689,1.2,65.495,94108,0.143,48.61,6.0790755212766,6.13305323404255,-0.00880111597048345
2022-03-11,35077,1.21,64.177,110525,0.156,48.61,6.0790755212766,6.19394304255319,-0.0185451368356862
2022-03-12,33495,1.22,65.999,85042,0.154,48.61,6.0790755212766,6.0790755212766,0
2022-03-13,26440,1.23,66.969,85585,0.14,48.61,6.0790755212766,6.0790755212766,0
2022-03-14,28803,1.24,69.838,69645,0.146,48.61,6.0790755212766,6.0790755212766,0
2022-03-15,54309,1.28,69.101,77557,0.142,48.61,6.0790755212766,6.0790755212766,0
2022-03-16,57148,1.3,71.932,102020,0.161,48.61,6.0790755212766,6.0790755212766,0
2022-03-17,49166,1.29,70.265,121039,0.172,48.61,6.0790755212766,6.0790755212766,0
2022-03-18,46952,1.28,73.793,101292,0.191,48.61,6.0790755212766,6.0790755212766,0
2022-03-19,40854,1.26,75.344,109584,0.174,48.61,6.0790755212766,6.0790755212766,0
2022-03-20,43230,1.25,79.339,103016,0.163,48.61,6.0790755212766,6.0790755212766,0
2022-03-21,53063,1.24,81.704,81698,0.158,48.61,6.0790755212766,6.0790755212766,0
2022-03-22,57556,1.22,81.588,39917,0.166,48.61,6.0790755212766,6.0790755212766,0
2022-03-23,59704,1.21,83.333,146305,0.165,48.61,6.0790755212766,6.0790755212766,0
2022-03-24,66782,1.2,83.449,113852,0.203,48.61,6.0790755212766,6.0790755212766,0
2022-03-25,47988,1.18,83.72,129628,0.185,48.61,6.0790755212766,6.0790755212766,0
2022-03-26,46749,1.16,84.38,117569,0.17,48.61,6.0790755212766,6.0790755212766,0
2022-03-27,50971,1.15,89.227,115747,0.169,48.61,6.0790755212766,6.0790755212766,0
2022-03-28,55738,1.13,91.67,98564,0.151,48.61,6.0790755212766,6.0790755212766,0
2022-03-29,65523,1.11,94.85,108218,0.152,48.61,6.0790755212766,6.0790755212766,0
2022-03-30,60239,1.09,96.633,140083,0.179,48.61,6.0790755212766,6.0790755212766,0
2022-03-31,65385,1.09,98.223,129771,0.187,48.61,6.0790755212766,6.0790755212766,0
